Material,Engagement [mm],Fastener [Mx],Pullout Load [N],Assembly Torque [Nm],100% Torque [Nm]
Aluminum 6061-T6,1.6,1.1,290.47,0.0,0.1
Aluminum 6061-T6,1.6,1.2,321.16,0.0,0.1
Aluminum 6061-T6,1.6,1.4,372.76,0.1,0.1
Aluminum 6061-T6,1.6,1.6,424.8,0.1,0.1
Aluminum 6061-T6,1.6,1.8,486.64,0.1,0.2
Aluminum 6061-T6,1.6,2,538.68,0.1,0.2
Aluminum 6061-T6,1.6,2.2,590.28,0.2,0.3
Aluminum 6061-T6,1.6,2.5,683.25,0.2,0.3
Aluminum 6061-T6,1.6,3,827.81,0.3,0.5
Aluminum 6061-T6,3.2,2,1076.91,0.3,0.4
Aluminum 6061-T6,3.2,2.2,1181.0,0.3,0.5
Aluminum 6061-T6,3.2,2.5,1366.49,0.4,0.7
Aluminum 6061-T6,3.2,3,1655.63,0.6,1.0
Aluminum 6061-T6,3.2,3.5,1924.74,0.9,1.3
Aluminum 6061-T6,3.2,4,2194.31,1.1,1.8
Aluminum 6061-T6,3.2,4.5,2483.89,1.5,2.2
Aluminum 6061-T6,3.2,5,2773.02,1.8,2.8
Aluminum 6061-T6,3.2,6,3311.25,2.6,4.0
Aluminum 6061-T6,3.2,7,3930.45,3.6,5.5
Aluminum 6061-T6,4.8,3,2483.44,1.0,1.5
Aluminum 6061-T6,4.8,3.5,2887.34,1.3,2.0
Aluminum 6061-T6,4.8,4,3291.24,1.7,2.6
Aluminum 6061-T6,4.8,4.5,3725.83,2.2,3.4
Aluminum 6061-T6,4.8,5,4159.53,2.7,4.2
Aluminum 6061-T6,4.8,6,4966.88,3.9,6.0
Aluminum 6061-T6,4.8,7,5895.67,5.4,8.3
Aluminum 6061-T6,4.8,8,6673.66,6.9,10.7
Aluminum 6061-T6,4.8,9,7602.01,8.9,13.7
Aluminum 6061-T6,4.8,10,8380.0,10.9,16.8
Aluminum 6061-T6,4.8,11,9308.34,13.3,20.5
Aluminum 6061-T6,6.3,4,4388.17,2.3,3.5
Aluminum 6061-T6,6.3,4.5,4967.77,2.9,4.5
Aluminum 6061-T6,6.3,5,5545.59,3.6,5.5
Aluminum 6061-T6,6.3,6,6622.95,5.2,7.9
Aluminum 6061-T6,6.3,7,7860.45,7.2,11.0
Aluminum 6061-T6,6.3,8,8898.22,9.3,14.2
Aluminum 6061-T6,6.3,9,10135.71,11.9,18.2
Aluminum 6061-T6,6.3,10,11173.48,14.5,22.3
Aluminum 6061-T6,6.3,11,12410.98,17.7,27.3
Aluminum 6061-T6,6.3,12,13447.41,21.0,32.3
Aluminum 6061-T6,6.3,14,15722.67,28.6,44.0
Aluminum 6061-T6,6.3,16,18198.55,37.8,58.2
Aluminum 6061-T6,7.9,5,6932.1,4.5,6.9
Aluminum 6061-T6,7.9,6,8278.58,6.5,9.9
Aluminum 6061-T6,7.9,7,9825.67,8.9,13.8
Aluminum 6061-T6,7.9,8,11122.33,11.6,17.8
Aluminum 6061-T6,7.9,9,12669.86,14.8,22.8
Aluminum 6061-T6,7.9,10,13966.52,18.2,27.9
Aluminum 6061-T6,7.9,11,15514.05,22.2,34.1
Aluminum 6061-T6,7.9,12,16808.93,26.2,40.3
Aluminum 6061-T6,7.9,14,19653.12,35.8,55.0
Aluminum 6061-T6,7.9,16,22747.75,47.3,72.8
Aluminum 6061-T6,7.9,18,25339.72,59.3,91.2
Aluminum 6061-T6,7.9,20,28434.35,73.9,113.7
Aluminum 6061-T6,7.9,22,31529.42,90.2,138.7
Aluminum 6061-T6,9.5,6,9934.21,7.8,11.9
Aluminum 6061-T6,9.5,7,11790.89,10.7,16.5
Aluminum 6061-T6,9.5,8,13346.88,13.9,21.4
Aluminum 6061-T6,9.5,9,15204.01,17.8,27.4
Aluminum 6061-T6,9.5,10,16760.0,21.8,33.5
Aluminum 6061-T6,9.5,11,18616.69,26.6,41.0
Aluminum 6061-T6,9.5,12,20170.89,31.5,48.4
Aluminum 6061-T6,9.5,14,23584.01,42.9,66.0
Aluminum 6061-T6,9.5,16,27297.39,56.8,87.3
Aluminum 6061-T6,9.5,18,30407.58,71.2,109.5
Aluminum 6061-T6,9.5,20,34121.4,88.7,136.5
Aluminum 6061-T6,9.5,22,37835.22,108.2,166.5
Aluminum 6061-T6,9.5,24,40945.41,127.8,196.5
Aluminum 6061-T6,9.5,27,46515.91,163.3,251.2
Aluminum 6061-T6,11.1,7,13756.12,12.5,19.3
Aluminum 6061-T6,11.1,8,15571.44,16.2,24.9
Aluminum 6061-T6,11.1,9,17737.72,20.8,31.9
Aluminum 6061-T6,11.1,10,19553.04,25.4,39.1
Aluminum 6061-T6,11.1,11,21719.32,31.1,47.8
Aluminum 6061-T6,11.1,12,23532.86,36.7,56.5
Aluminum 6061-T6,11.1,14,27514.46,50.1,77.0
Aluminum 6061-T6,11.1,16,31847.02,66.2,101.9
Aluminum 6061-T6,11.1,18,35475.88,83.0,127.7
Aluminum 6061-T6,11.1,20,39808.45,103.5,159.2
Aluminum 6061-T6,11.1,22,44141.01,126.2,194.2
Aluminum 6061-T6,11.1,24,47769.42,149.0,229.3
Aluminum 6061-T6,11.1,27,54268.72,190.5,293.0
Aluminum 6061-T6,11.1,30,60065.63,234.3,360.4
Aluminum 6061-T6,11.1,33,66564.48,285.6,439.3
Aluminum 6061-T6,12.7,8,17795.99,18.5,28.5
Aluminum 6061-T6,12.7,9,20271.87,23.7,36.5
Aluminum 6061-T6,12.7,10,22346.52,29.0,44.7
Aluminum 6061-T6,12.7,11,24822.4,35.5,54.6
Aluminum 6061-T6,12.7,12,26894.38,42.0,64.5
Aluminum 6061-T6,12.7,14,31444.9,57.2,88.0
Aluminum 6061-T6,12.7,16,36396.66,75.7,116.5
Aluminum 6061-T6,12.7,18,40543.74,94.9,146.0
Aluminum 6061-T6,12.7,20,45495.05,118.3,182.0
Aluminum 6061-T6,12.7,22,50446.81,144.3,222.0
Aluminum 6061-T6,12.7,24,54593.88,170.3,262.0
Aluminum 6061-T6,12.7,27,62021.07,217.7,334.9
Aluminum 6061-T6,12.7,30,68646.25,267.7,411.9
Aluminum 6061-T6,12.7,33,76073.88,326.4,502.1
Aluminum 6061-T6,12.7,36,82696.39,387.0,595.4
Aluminum 6061-T6,12.7,39,90124.03,456.9,703.0
Aluminum 6061-T6,14.3,9,22805.57,26.7,41.0
Aluminum 6061-T6,14.3,10,25140.0,32.7,50.3
Aluminum 6061-T6,14.3,11,27925.03,39.9,61.4
Aluminum 6061-T6,14.3,12,30256.34,47.2,72.6
Aluminum 6061-T6,14.3,14,35375.8,64.4,99.1
Aluminum 6061-T6,14.3,16,40946.3,85.2,131.0
Aluminum 6061-T6,14.3,18,45611.59,106.7,164.2
Aluminum 6061-T6,14.3,20,51182.1,133.1,204.7
Aluminum 6061-T6,14.3,22,56752.6,162.3,249.7
Aluminum 6061-T6,14.3,24,61417.89,191.6,294.8
Aluminum 6061-T6,14.3,27,69773.87,244.9,376.8
Aluminum 6061-T6,14.3,30,77227.31,301.2,463.4
Aluminum 6061-T6,14.3,33,85582.84,367.2,564.8
Aluminum 6061-T6,14.3,36,93033.61,435.4,669.8
Aluminum 6061-T6,14.3,39,101389.59,514.0,790.8
Aluminum 6061-T6,14.3,42,108839.91,594.3,914.3
Aluminum 6061-T6,14.3,45,117195.89,685.6,1054.8
Aluminum 6061-T6,15.9,10,27933.04,36.3,55.9
Aluminum 6061-T6,15.9,11,31028.11,44.4,68.3
Aluminum 6061-T6,15.9,12,33618.3,52.4,80.7
Aluminum 6061-T6,15.9,14,39306.24,71.5,110.1
Aluminum 6061-T6,15.9,16,45495.94,94.6,145.6
Aluminum 6061-T6,15.9,18,50679.45,118.6,182.4
Aluminum 6061-T6,15.9,20,56869.14,147.9,227.5
Aluminum 6061-T6,15.9,22,63058.4,180.3,277.5
Aluminum 6061-T6,15.9,24,68242.35,212.9,327.6
Aluminum 6061-T6,15.9,27,77526.67,272.1,418.6
Aluminum 6061-T6,15.9,30,85807.92,334.6,514.8
Aluminum 6061-T6,15.9,33,95092.24,407.9,627.6
Aluminum 6061-T6,15.9,36,103370.82,483.8,744.3
Aluminum 6061-T6,15.9,39,112654.7,571.2,878.7
Aluminum 6061-T6,15.9,42,120933.28,660.3,1015.8
Aluminum 6061-T6,15.9,45,130217.61,761.8,1172.0
Aluminum 6061-T6,15.9,48,138496.19,864.2,1329.6
Aluminum 6061-T6,15.9,52,150875.13,1019.9,1569.1
Aluminum 6061-T6,19.0,11,37233.37,53.2,81.9
Aluminum 6061-T6,19.0,12,40341.79,62.9,96.8
Aluminum 6061-T6,19.0,14,47167.58,85.8,132.1
Aluminum 6061-T6,19.0,16,54595.21,113.6,174.7
Aluminum 6061-T6,19.0,18,60815.6,142.3,218.9
Aluminum 6061-T6,19.0,20,68242.8,177.4,273.0
Aluminum 6061-T6,19.0,22,75670.43,216.4,332.9
Aluminum 6061-T6,19.0,24,81890.82,255.5,393.1
Aluminum 6061-T6,19.0,27,93031.83,326.5,502.4
Aluminum 6061-T6,19.0,30,102969.6,401.6,617.8
Aluminum 6061-T6,19.0,33,114110.6,489.5,753.1
Aluminum 6061-T6,19.0,36,124044.81,580.5,893.1
Aluminum 6061-T6,19.0,39,135185.82,685.4,1054.5
Aluminum 6061-T6,19.0,42,145120.03,792.4,1219.0
Aluminum 6061-T6,19.0,45,156261.04,914.1,1406.4
Aluminum 6061-T6,19.0,48,166195.24,1037.1,1595.5
Aluminum 6061-T6,19.0,52,181050.07,1223.9,1882.9
Aluminum 6061-T6,19.0,56,194701.66,1417.4,2180.7
Aluminum 6061-T6,19.0,60,209556.48,1634.5,2514.7
Aluminum 6061-T6,19.0,64,223204.06,1857.1,2857.0
Aluminum 6061-T6,19.0,68,238058.89,2104.4,3237.6
Aluminum 6061-T6,22.2,14,55028.92,100.1,154.1
Aluminum 6061-T6,22.2,16,63694.05,132.5,203.8
Aluminum 6061-T6,22.2,18,70951.32,166.0,255.4
Aluminum 6061-T6,22.2,20,79616.45,207.0,318.5
Aluminum 6061-T6,22.2,22,88282.02,252.5,388.4
Aluminum 6061-T6,22.2,24,95539.29,298.1,458.6
Aluminum 6061-T6,22.2,27,108536.99,381.0,586.1
Aluminum 6061-T6,22.2,30,120131.27,468.5,720.8
Aluminum 6061-T6,22.2,33,133128.96,571.1,878.6
Aluminum 6061-T6,22.2,36,144718.8,677.3,1042.0
Aluminum 6061-T6,22.2,39,157716.94,799.6,1230.2
Aluminum 6061-T6,22.2,42,169306.77,924.4,1422.2
Aluminum 6061-T6,22.2,45,182304.47,1066.5,1640.7
Aluminum 6061-T6,22.2,48,193894.3,1209.9,1861.4
Aluminum 6061-T6,22.2,52,211225.01,1427.9,2196.7
Aluminum 6061-T6,22.2,56,227151.86,1653.7,2544.1
Aluminum 6061-T6,22.2,60,244482.56,1907.0,2933.8
Aluminum 6061-T6,22.2,64,260404.96,2166.6,3333.2
Aluminum 6061-T6,22.2,68,277735.22,2455.2,3777.2
Aluminum 6061-T6,25.4,16,72793.32,151.4,232.9
Aluminum 6061-T6,25.4,18,81087.47,189.7,291.9
Aluminum 6061-T6,25.4,20,90990.54,236.6,364.0
Aluminum 6061-T6,25.4,22,100893.61,288.6,443.9
Aluminum 6061-T6,25.4,24,109187.76,340.7,524.1
Aluminum 6061-T6,25.4,27,124042.14,435.4,669.8
Aluminum 6061-T6,25.4,30,137292.94,535.4,823.8
Aluminum 6061-T6,25.4,33,152147.77,652.7,1004.2
Aluminum 6061-T6,25.4,36,165393.23,774.0,1190.8
Aluminum 6061-T6,25.4,39,180248.06,913.9,1405.9
Aluminum 6061-T6,25.4,42,193493.52,1056.5,1625.3
Aluminum 6061-T6,25.4,45,208347.9,1218.8,1875.1
Aluminum 6061-T6,25.4,48,221593.81,1382.7,2127.3
Aluminum 6061-T6,25.4,52,241399.95,1631.9,2510.6
Aluminum 6061-T6,25.4,56,259602.06,1889.9,2907.5
Aluminum 6061-T6,25.4,60,279408.2,2179.4,3352.9
Aluminum 6061-T6,25.4,64,297605.42,2476.1,3809.4
Aluminum 6061-T6,25.4,68,317412.0,2805.9,4316.8
Aluminum 6061-T6,28.6,16,72793.32,151.4,232.9
Aluminum 6061-T6,28.6,18,91223.18,213.5,328.4
Aluminum 6061-T6,28.6,20,102364.19,266.1,409.5
Aluminum 6061-T6,28.6,22,113505.2,324.6,499.4
Aluminum 6061-T6,28.6,24,122835.79,383.2,589.6
Aluminum 6061-T6,28.6,27,139547.74,489.8,753.6
Aluminum 6061-T6,28.6,30,154454.17,602.4,926.7
Aluminum 6061-T6,28.6,33,171166.13,734.3,1129.7
Aluminum 6061-T6,28.6,36,186067.22,870.8,1339.7
Aluminum 6061-T6,28.6,39,202778.73,1028.1,1581.7
Aluminum 6061-T6,28.6,42,217679.82,1188.5,1828.5
Aluminum 6061-T6,28.6,45,234391.78,1371.2,2109.5
Aluminum 6061-T6,28.6,48,249292.87,1555.6,2393.2
Aluminum 6061-T6,28.6,52,271574.89,1835.8,2824.4
Aluminum 6061-T6,28.6,56,292052.26,2126.1,3271.0
Aluminum 6061-T6,28.6,60,314334.28,2451.8,3772.0
Aluminum 6061-T6,28.6,64,334806.32,2785.6,4285.5
Aluminum 6061-T6,28.6,68,357088.34,3156.7,4856.4
Aluminum 6061-T6,31.8,20,113737.84,295.7,455.0
Aluminum 6061-T6,31.8,22,126117.24,360.7,554.9
Aluminum 6061-T6,31.8,24,136484.26,425.8,655.1
Aluminum 6061-T6,31.8,27,155052.9,544.2,837.3
Aluminum 6061-T6,31.8,30,171615.84,669.3,1029.7
Aluminum 6061-T6,31.8,33,190184.49,815.9,1255.2
Aluminum 6061-T6,31.8,36,206741.21,967.5,1488.5
Aluminum 6061-T6,31.8,39,225309.85,1142.3,1757.4
Aluminum 6061-T6,31.8,42,241866.57,1320.6,2031.7
Aluminum 6061-T6,31.8,45,260435.21,1523.5,2343.9
Aluminum 6061-T6,31.8,48,276991.93,1728.4,2659.1
Aluminum 6061-T6,31.8,52,301749.82,2039.8,3138.2
Aluminum 6061-T6,31.8,56,324502.46,2362.4,3634.4
Aluminum 6061-T6,31.8,60,349260.36,2724.2,4191.1
Aluminum 6061-T6,31.8,64,372006.77,3095.1,4761.7
Aluminum 6061-T6,31.8,68,396764.67,3507.4,5396.0
Aluminum 6061-T6,34.9,20,113737.84,295.7,455.0
Aluminum 6061-T6,34.9,22,138728.83,396.8,610.4
Aluminum 6061-T6,34.9,24,150132.73,468.4,720.6
Aluminum 6061-T6,34.9,27,170558.06,598.7,921.0
Aluminum 6061-T6,34.9,30,188777.52,736.2,1132.7
Aluminum 6061-T6,34.9,33,209202.85,897.5,1380.7
Aluminum 6061-T6,34.9,36,227415.64,1064.3,1637.4
Aluminum 6061-T6,34.9,39,247840.97,1256.5,1933.2
Aluminum 6061-T6,34.9,42,266053.31,1452.7,2234.9
Aluminum 6061-T6,34.9,45,286478.64,1675.9,2578.3
Aluminum 6061-T6,34.9,48,304691.43,1901.3,2925.0
Aluminum 6061-T6,34.9,52,331925.21,2243.8,3452.0
Aluminum 6061-T6,34.9,56,356952.66,2598.6,3997.9
Aluminum 6061-T6,34.9,60,384186.44,2996.7,4610.2
Aluminum 6061-T6,34.9,64,409207.67,3404.6,5237.9
Aluminum 6061-T6,34.9,68,436441.45,3858.1,5935.6
Aluminum 6061-T6,38.1,22,138728.83,396.8,610.4
Aluminum 6061-T6,38.1,24,163781.2,511.0,786.1
Aluminum 6061-T6,38.1,27,186063.66,653.1,1004.7
Aluminum 6061-T6,38.1,30,205939.19,803.2,1235.6
Aluminum 6061-T6,38.1,33,228221.21,979.1,1506.3
Aluminum 6061-T6,38.1,36,248089.62,1161.1,1786.2
Aluminum 6061-T6,38.1,39,270371.64,1370.8,2108.9
Aluminum 6061-T6,38.1,42,290240.06,1584.7,2438.0
Aluminum 6061-T6,38.1,45,312522.07,1828.3,2812.7
Aluminum 6061-T6,38.1,48,332390.49,2074.1,3191.0
Aluminum 6061-T6,38.1,52,362100.14,2447.8,3765.8
Aluminum 6061-T6,38.1,56,389402.87,2834.9,4361.3
Aluminum 6061-T6,38.1,60,419112.52,3269.1,5029.4
Aluminum 6061-T6,38.1,64,446408.13,3714.1,5714.0
Aluminum 6061-T6,38.1,68,476117.78,4208.9,6475.2
Aluminum 6061-T6,44.4,27,217073.97,761.9,1172.2
Aluminum 6061-T6,44.4,30,240262.54,937.0,1441.6
Aluminum 6061-T6,44.4,33,266258.37,1142.3,1757.3
Aluminum 6061-T6,44.4,36,289438.04,1354.6,2083.9
Aluminum 6061-T6,44.4,39,315433.88,1599.3,2460.4
Aluminum 6061-T6,44.4,42,338613.55,1848.8,2844.4
Aluminum 6061-T6,44.4,45,364609.38,2133.0,3281.5
Aluminum 6061-T6,44.4,48,387789.05,2419.8,3722.8
Aluminum 6061-T6,44.4,52,422450.02,2855.8,4393.5
Aluminum 6061-T6,44.4,56,454303.72,3307.3,5088.2
Aluminum 6061-T6,44.4,60,488964.68,3813.9,5867.6
Aluminum 6061-T6,44.4,64,520809.48,4333.1,6666.4
Aluminum 6061-T6,44.4,68,555470.89,4910.4,7554.4
Aluminum 6061-T6,50.8,30,274585.44,1070.9,1647.5
Aluminum 6061-T6,50.8,33,304295.09,1305.4,2008.4
Aluminum 6061-T6,50.8,36,330786.02,1548.1,2381.7
Aluminum 6061-T6,50.8,39,360495.67,1827.7,2811.9
Aluminum 6061-T6,50.8,42,386986.59,2113.0,3250.7
Aluminum 6061-T6,50.8,45,416696.25,2437.7,3750.3
Aluminum 6061-T6,50.8,48,443187.17,2765.5,4254.6
Aluminum 6061-T6,50.8,52,482799.9,3263.7,5021.1
Aluminum 6061-T6,50.8,56,519204.12,3779.8,5815.1
Aluminum 6061-T6,50.8,60,558816.84,4358.8,6705.8
Aluminum 6061-T6,50.8,64,595210.84,4952.2,7618.7
Aluminum 6061-T6,50.8,68,634823.56,5611.8,8633.6
304 Stainless Steel,1.6,2,997.29,0.3,0.4
304 Stainless Steel,1.6,2.2,1093.37,0.3,0.5
304 Stainless Steel,1.6,2.5,1265.52,0.4,0.6
304 Stainless Steel,1.6,3,1532.86,0.6,0.9
304 Stainless Steel,3.2,4,4063.45,2.1,3.3
304 Stainless Steel,3.2,4.5,4599.9,2.7,4.1
304 Stainless Steel,3.2,5,5135.02,3.3,5.1
304 Stainless Steel,3.2,6,6132.31,4.8,7.4
304 Stainless Steel,3.2,7,7278.18,6.6,10.2
304 Stainless Steel,4.8,6,9198.47,7.2,11.0
304 Stainless Steel,4.8,7,10917.71,9.9,15.3
304 Stainless Steel,4.8,8,12358.49,12.9,19.8
304 Stainless Steel,4.8,9,14077.72,16.5,25.3
304 Stainless Steel,4.8,10,15518.5,20.2,31.0
304 Stainless Steel,4.8,11,17237.74,24.7,37.9
304 Stainless Steel,6.3,7,14556.8,13.2,20.4
304 Stainless Steel,6.3,8,16477.98,17.1,26.4
304 Stainless Steel,6.3,9,18770.15,22.0,33.8
304 Stainless Steel,6.3,10,20691.34,26.9,41.4
304 Stainless Steel,6.3,11,22983.5,32.9,50.6
304 Stainless Steel,6.3,12,24902.46,38.8,59.8
304 Stainless Steel,6.3,14,29115.82,53.0,81.5
304 Stainless Steel,6.3,16,33700.6,70.1,107.8
304 Stainless Steel,7.9,9,23462.58,27.5,42.2
304 Stainless Steel,7.9,10,25864.17,33.6,51.7
304 Stainless Steel,7.9,11,28729.71,41.1,63.2
304 Stainless Steel,7.9,12,31128.19,48.6,74.7
304 Stainless Steel,7.9,14,36394.88,66.2,101.9
304 Stainless Steel,7.9,16,42125.97,87.6,134.8
304 Stainless Steel,7.9,18,46925.6,109.8,168.9
304 Stainless Steel,7.9,20,52656.68,136.9,210.6
304 Stainless Steel,7.9,22,58387.32,167.0,256.9
304 Stainless Steel,9.5,11,34475.48,49.3,75.8
304 Stainless Steel,9.5,12,37353.47,58.3,89.7
304 Stainless Steel,9.5,14,43673.95,79.5,122.3
304 Stainless Steel,9.5,16,50550.89,105.1,161.8
304 Stainless Steel,9.5,18,56310.45,131.8,202.7
304 Stainless Steel,9.5,20,63187.84,164.3,252.7
304 Stainless Steel,9.5,22,70065.23,200.4,308.3
304 Stainless Steel,9.5,24,75824.78,236.6,364.0
304 Stainless Steel,9.5,27,86140.65,302.4,465.2
304 Stainless Steel,11.1,12,43579.2,68.0,104.6
304 Stainless Steel,11.1,14,50952.57,92.7,142.7
304 Stainless Steel,11.1,16,58976.27,122.7,188.7
304 Stainless Steel,11.1,18,65695.75,153.7,236.5
304 Stainless Steel,11.1,20,73719.0,191.7,294.9
304 Stainless Steel,11.1,22,81742.69,233.8,359.7
304 Stainless Steel,11.1,24,88462.17,276.0,424.6
304 Stainless Steel,11.1,27,100497.28,352.7,542.7
304 Stainless Steel,11.1,30,111232.61,433.8,667.4
304 Stainless Steel,11.1,33,123267.71,528.8,813.6
304 Stainless Steel,12.7,14,58231.63,106.0,163.0
304 Stainless Steel,12.7,16,67401.19,140.2,215.7
304 Stainless Steel,12.7,18,75080.6,175.7,270.3
304 Stainless Steel,12.7,20,84250.6,219.1,337.0
304 Stainless Steel,12.7,22,93420.16,267.2,411.1
304 Stainless Steel,12.7,24,101099.56,315.4,485.3
304 Stainless Steel,12.7,27,114853.9,403.1,620.2
304 Stainless Steel,12.7,30,127122.98,495.8,762.7
304 Stainless Steel,12.7,33,140877.32,604.4,929.8
304 Stainless Steel,12.7,36,153141.95,716.7,1102.6
304 Stainless Steel,12.7,39,166896.28,846.2,1301.8
304 Stainless Steel,14.3,16,75826.56,157.7,242.6
304 Stainless Steel,14.3,18,84465.89,197.7,304.1
304 Stainless Steel,14.3,20,94781.76,246.4,379.1
304 Stainless Steel,14.3,22,105097.62,300.6,462.4
304 Stainless Steel,14.3,24,113736.95,354.9,545.9
304 Stainless Steel,14.3,27,129210.97,453.5,697.7
304 Stainless Steel,14.3,30,143013.35,557.7,858.1
304 Stainless Steel,14.3,33,158486.93,679.9,1046.0
304 Stainless Steel,14.3,36,172284.41,806.3,1240.4
304 Stainless Steel,14.3,39,187757.99,951.9,1464.5
304 Stainless Steel,14.3,42,201555.47,1100.5,1693.1
304 Stainless Steel,14.3,45,217029.49,1269.6,1953.3
304 Stainless Steel,15.9,18,93851.19,219.6,337.9
304 Stainless Steel,15.9,20,105312.92,273.8,421.3
304 Stainless Steel,15.9,22,116775.09,334.0,513.8
304 Stainless Steel,15.9,24,126374.34,394.3,606.6
304 Stainless Steel,15.9,27,143567.6,503.9,775.3
304 Stainless Steel,15.9,30,158903.72,619.7,953.4
304 Stainless Steel,15.9,33,176096.54,755.5,1162.2
304 Stainless Steel,15.9,36,191427.32,895.9,1378.3
304 Stainless Steel,15.9,39,208620.13,1057.7,1627.2
304 Stainless Steel,15.9,42,223950.47,1222.8,1881.2
304 Stainless Steel,15.9,45,241143.73,1410.7,2170.3
304 Stainless Steel,15.9,48,256474.07,1600.4,2462.2
304 Stainless Steel,15.9,52,279397.97,1888.7,2905.7
304 Stainless Steel,19.0,20,126375.68,328.6,505.5
304 Stainless Steel,19.0,22,140130.02,400.8,616.6
304 Stainless Steel,19.0,24,151649.57,473.1,727.9
304 Stainless Steel,19.0,27,172280.85,604.7,930.3
304 Stainless Steel,19.0,30,190684.47,743.7,1144.1
304 Stainless Steel,19.0,33,211316.2,906.5,1394.7
304 Stainless Steel,19.0,36,229712.7,1075.1,1653.9
304 Stainless Steel,19.0,39,250344.43,1269.2,1952.7
304 Stainless Steel,19.0,42,268740.93,1467.3,2257.4
304 Stainless Steel,19.0,45,289372.21,1692.8,2604.4
304 Stainless Steel,19.0,48,307768.71,1920.5,2954.6
304 Stainless Steel,19.0,52,335277.83,2266.5,3486.9
304 Stainless Steel,19.0,56,360558.39,2624.9,4038.3
304 Stainless Steel,19.0,60,388067.07,3026.9,4656.8
304 Stainless Steel,19.0,64,413340.96,3439.0,5290.8
304 Stainless Steel,19.0,68,440849.63,3897.1,5995.6
304 Stainless Steel,22.2,24,176924.35,552.0,849.2
304 Stainless Steel,22.2,27,200994.55,705.5,1085.4
304 Stainless Steel,22.2,30,222465.21,867.6,1334.8
304 Stainless Steel,22.2,33,246535.42,1057.6,1627.1
304 Stainless Steel,22.2,36,267998.07,1254.2,1929.6
304 Stainless Steel,22.2,39,292068.27,1480.8,2278.1
304 Stainless Steel,22.2,42,313530.93,1711.9,2633.7
304 Stainless Steel,22.2,45,337601.13,1975.0,3038.4
304 Stainless Steel,22.2,48,359063.79,2240.6,3447.0
304 Stainless Steel,22.2,52,391157.24,2644.2,4068.0
304 Stainless Steel,22.2,56,420651.6,3062.3,4711.3
304 Stainless Steel,22.2,60,452745.06,3531.4,5432.9
304 Stainless Steel,22.2,64,482230.97,4012.2,6172.6
304 Stainless Steel,22.2,68,514324.87,4546.6,6994.8
304 Stainless Steel,25.4,27,229707.8,806.3,1240.4
304 Stainless Steel,25.4,30,254245.96,991.6,1525.5
304 Stainless Steel,25.4,33,281754.63,1208.7,1859.6
304 Stainless Steel,25.4,36,306283.45,1433.4,2205.2
304 Stainless Steel,25.4,39,333792.12,1692.3,2603.6
304 Stainless Steel,25.4,42,358320.94,1956.4,3009.9
304 Stainless Steel,25.4,45,385830.06,2257.1,3472.5
304 Stainless Steel,25.4,48,410358.43,2560.6,3939.4
304 Stainless Steel,25.4,52,447037.1,3022.0,4649.2
304 Stainless Steel,25.4,56,480744.37,3499.8,5384.3
304 Stainless Steel,25.4,60,517423.05,4035.9,6209.1
304 Stainless Steel,25.4,64,551121.42,4585.3,7054.4
304 Stainless Steel,25.4,68,587799.66,5196.1,7994.1
304 Stainless Steel,28.6,30,286026.7,1115.5,1716.2
304 Stainless Steel,28.6,33,316973.85,1359.8,2092.0
304 Stainless Steel,28.6,36,344568.82,1612.6,2480.9
304 Stainless Steel,28.6,39,375516.42,1903.9,2929.0
304 Stainless Steel,28.6,42,403110.94,2201.0,3386.1
304 Stainless Steel,28.6,45,434058.54,2539.2,3906.5
304 Stainless Steel,28.6,48,461653.51,2880.7,4431.9
304 Stainless Steel,28.6,52,502916.52,3399.7,5230.3
304 Stainless Steel,28.6,56,540837.59,3937.3,6057.4
304 Stainless Steel,28.6,60,582101.04,4540.4,6985.2
304 Stainless Steel,28.6,64,620011.44,5158.5,7936.2
304 Stainless Steel,28.6,68,661274.89,5845.7,8993.3
304 Stainless Steel,31.8,33,352193.52,1510.9,2324.5
304 Stainless Steel,31.8,36,382854.2,1791.8,2756.5
304 Stainless Steel,31.8,39,417240.27,2115.4,3254.5
304 Stainless Steel,31.8,42,447901.39,2445.5,3762.4
304 Stainless Steel,31.8,45,482287.46,2821.4,4340.6
304 Stainless Steel,31.8,48,512948.14,3200.8,4924.3
304 Stainless Steel,31.8,52,558796.38,3777.5,5811.5
304 Stainless Steel,31.8,56,600930.8,4374.8,6730.4
304 Stainless Steel,31.8,60,646778.59,5044.9,7761.3
304 Stainless Steel,31.8,64,688901.45,5731.7,8817.9
304 Stainless Steel,31.8,68,734749.68,6495.2,9992.6
304 Stainless Steel,34.9,36,421139.57,1970.9,3032.2
304 Stainless Steel,34.9,39,458964.56,2327.0,3579.9
304 Stainless Steel,34.9,42,492691.4,2690.1,4138.6
304 Stainless Steel,34.9,45,530515.94,3103.5,4774.6
304 Stainless Steel,34.9,48,564243.22,3520.9,5416.7
304 Stainless Steel,34.9,52,614675.8,4155.2,6392.6
304 Stainless Steel,34.9,56,661023.57,4812.3,7403.5
304 Stainless Steel,34.9,60,711456.59,5549.4,8537.5
304 Stainless Steel,34.9,64,757791.9,6304.8,9699.7
304 Stainless Steel,34.9,68,808224.47,7144.7,10991.9
304 Stainless Steel,38.1,39,500688.41,2538.5,3905.4
304 Stainless Steel,38.1,42,537481.41,2934.6,4514.9
304 Stainless Steel,38.1,45,578744.86,3385.7,5208.7
304 Stainless Steel,38.1,48,615537.86,3841.0,5909.2
304 Stainless Steel,38.1,52,670555.66,4533.0,6973.8
304 Stainless Steel,38.1,56,721116.78,5249.7,8076.5
304 Stainless Steel,38.1,60,776134.58,6053.9,9313.6
304 Stainless Steel,38.1,64,826681.91,6878.0,10581.5
304 Stainless Steel,38.1,68,881699.71,7794.2,11991.1
304 Stainless Steel,44.4,45,675202.27,3949.9,6076.8
304 Stainless Steel,44.4,48,718127.58,4481.1,6894.0
304 Stainless Steel,44.4,52,782314.93,5288.4,8136.1
304 Stainless Steel,44.4,56,841302.76,6124.7,9422.6
304 Stainless Steel,44.4,60,905490.12,7062.8,10865.9
304 Stainless Steel,44.4,64,964462.38,8024.3,12345.1
304 Stainless Steel,44.4,68,1028649.73,9093.3,13989.6
304 Stainless Steel,50.8,52,894074.21,6043.9,9298.4
304 Stainless Steel,50.8,56,961489.19,6999.6,10768.7
304 Stainless Steel,50.8,60,1034846.1,8071.8,12418.2
304 Stainless Steel,50.8,64,1102242.85,9170.7,14108.7
304 Stainless Steel,50.8,68,1175599.76,10392.3,15988.2
ASTM A36 Steel,1.6,1.4,480.85,0.1,0.1
ASTM A36 Steel,1.6,1.6,547.58,0.1,0.2
ASTM A36 Steel,1.6,1.8,627.64,0.1,0.2
ASTM A36 Steel,1.6,2,693.92,0.2,0.3
ASTM A36 Steel,1.6,2.2,761.09,0.2,0.3
ASTM A36 Steel,1.6,2.5,880.75,0.3,0.4
ASTM A36 Steel,1.6,3,1067.13,0.4,0.6
ASTM A36 Steel,3.2,2.5,1761.49,0.6,0.9
ASTM A36 Steel,3.2,3,2133.81,0.8,1.3
ASTM A36 Steel,3.2,3.5,2481.22,1.1,1.7
ASTM A36 Steel,3.2,4,2828.18,1.5,2.3
ASTM A36 Steel,3.2,4.5,3201.38,1.9,2.9
ASTM A36 Steel,3.2,5,3574.14,2.3,3.6
ASTM A36 Steel,3.2,6,4268.07,3.3,5.1
ASTM A36 Steel,3.2,7,5065.63,4.6,7.1
ASTM A36 Steel,4.8,4,4242.27,2.2,3.4
ASTM A36 Steel,4.8,4.5,4802.3,2.8,4.3
ASTM A36 Steel,4.8,5,5360.99,3.5,5.4
ASTM A36 Steel,4.8,6,6401.88,5.0,7.7
ASTM A36 Steel,4.8,7,7598.45,6.9,10.6
ASTM A36 Steel,4.8,8,8601.52,8.9,13.8
ASTM A36 Steel,4.8,9,9798.09,11.5,17.6
ASTM A36 Steel,4.8,10,10800.72,14.0,21.6
ASTM A36 Steel,4.8,11,11997.29,17.2,26.4
ASTM A36 Steel,6.3,5,7147.84,4.6,7.2
ASTM A36 Steel,6.3,6,8536.13,6.7,10.2
ASTM A36 Steel,6.3,7,10131.71,9.2,14.2
ASTM A36 Steel,6.3,8,11468.4,11.9,18.3
ASTM A36 Steel,6.3,9,13063.97,15.3,23.5
ASTM A36 Steel,6.3,10,14401.11,18.7,28.8
ASTM A36 Steel,6.3,11,15996.68,22.9,35.2
ASTM A36 Steel,6.3,12,17332.04,27.0,41.6
ASTM A36 Steel,6.3,14,20264.75,36.9,56.7
ASTM A36 Steel,6.3,16,23455.46,48.8,75.1
ASTM A36 Steel,7.9,7,12664.52,11.5,17.7
ASTM A36 Steel,7.9,8,14335.72,14.9,22.9
ASTM A36 Steel,7.9,9,16329.86,19.1,29.4
ASTM A36 Steel,7.9,10,18001.5,23.4,36.0
ASTM A36 Steel,7.9,11,19995.63,28.6,44.0
ASTM A36 Steel,7.9,12,21665.05,33.8,52.0
ASTM A36 Steel,7.9,14,25330.83,46.1,70.9
ASTM A36 Steel,7.9,16,29319.55,61.0,93.8
ASTM A36 Steel,7.9,18,32660.16,76.4,117.6
ASTM A36 Steel,7.9,20,36648.88,95.3,146.6
ASTM A36 Steel,7.9,22,40637.59,116.2,178.8
ASTM A36 Steel,9.5,8,17203.04,17.9,27.5
ASTM A36 Steel,9.5,9,19596.18,22.9,35.3
ASTM A36 Steel,9.5,10,21601.44,28.1,43.2
ASTM A36 Steel,9.5,11,23995.03,34.3,52.8
ASTM A36 Steel,9.5,12,25998.06,40.6,62.4
ASTM A36 Steel,9.5,14,30396.9,55.3,85.1
ASTM A36 Steel,9.5,16,35183.63,73.2,112.6
ASTM A36 Steel,9.5,18,39192.37,91.7,141.1
ASTM A36 Steel,9.5,20,43978.65,114.3,175.9
ASTM A36 Steel,9.5,22,48765.38,139.5,214.6
ASTM A36 Steel,9.5,24,52774.11,164.7,253.3
ASTM A36 Steel,9.5,27,59953.98,210.4,323.7
ASTM A36 Steel,11.1,9,22862.07,26.7,41.1
ASTM A36 Steel,11.1,10,25201.83,32.8,50.4
ASTM A36 Steel,11.1,11,27993.98,40.0,61.6
ASTM A36 Steel,11.1,12,30331.07,47.3,72.8
ASTM A36 Steel,11.1,14,35462.98,64.5,99.3
ASTM A36 Steel,11.1,16,41047.27,85.4,131.4
ASTM A36 Steel,11.1,18,45724.13,107.0,164.6
ASTM A36 Steel,11.1,20,51308.43,133.4,205.2
ASTM A36 Steel,11.1,22,56892.72,162.7,250.3
ASTM A36 Steel,11.1,24,61569.58,192.1,295.5
ASTM A36 Steel,11.1,27,69946.02,245.5,377.7
ASTM A36 Steel,11.1,30,77417.69,301.9,464.5
ASTM A36 Steel,11.1,33,85794.13,368.1,566.2
ASTM A36 Steel,12.7,10,28802.22,37.4,57.6
ASTM A36 Steel,12.7,11,31993.37,45.7,70.4
ASTM A36 Steel,12.7,12,34664.08,54.1,83.2
ASTM A36 Steel,12.7,14,40529.06,73.8,113.5
ASTM A36 Steel,12.7,16,46911.36,97.6,150.1
ASTM A36 Steel,12.7,18,52256.34,122.3,188.1
ASTM A36 Steel,12.7,20,58638.2,152.5,234.6
ASTM A36 Steel,12.7,22,65020.51,186.0,286.1
ASTM A36 Steel,12.7,24,70365.49,219.5,337.8
ASTM A36 Steel,12.7,27,79938.5,280.6,431.7
ASTM A36 Steel,12.7,30,88477.74,345.1,530.9
ASTM A36 Steel,12.7,33,98050.76,420.6,647.1
ASTM A36 Steel,12.7,36,106586.44,498.8,767.4
ASTM A36 Steel,12.7,39,116159.9,588.9,906.0
ASTM A36 Steel,14.3,11,35992.32,51.5,79.2
ASTM A36 Steel,14.3,12,38997.09,60.8,93.6
ASTM A36 Steel,14.3,14,45595.58,83.0,127.7
ASTM A36 Steel,14.3,16,52775.0,109.8,168.9
ASTM A36 Steel,14.3,18,58788.11,137.6,211.6
ASTM A36 Steel,14.3,20,65967.98,171.5,263.9
ASTM A36 Steel,14.3,22,73147.85,209.2,321.8
ASTM A36 Steel,14.3,24,79160.95,247.0,380.0
ASTM A36 Steel,14.3,27,89930.53,315.7,485.6
ASTM A36 Steel,14.3,30,99537.35,388.2,597.2
ASTM A36 Steel,14.3,33,110306.93,473.2,728.0
ASTM A36 Steel,14.3,36,119910.19,561.2,863.4
ASTM A36 Steel,14.3,39,130679.78,662.5,1019.3
ASTM A36 Steel,14.3,42,140282.59,765.9,1178.4
ASTM A36 Steel,14.3,45,151052.17,883.7,1359.5
ASTM A36 Steel,15.9,12,43330.1,67.6,104.0
ASTM A36 Steel,15.9,14,50661.65,92.2,141.9
ASTM A36 Steel,15.9,16,58639.09,122.0,187.6
ASTM A36 Steel,15.9,18,65320.32,152.8,235.2
ASTM A36 Steel,15.9,20,73297.75,190.6,293.2
ASTM A36 Steel,15.9,22,81275.63,232.4,357.6
ASTM A36 Steel,15.9,24,87956.86,274.4,422.2
ASTM A36 Steel,15.9,27,99923.01,350.7,539.6
ASTM A36 Steel,15.9,30,110596.96,431.3,663.6
ASTM A36 Steel,15.9,33,122563.11,525.8,808.9
ASTM A36 Steel,15.9,36,133233.5,623.5,959.3
ASTM A36 Steel,15.9,39,145199.65,736.2,1132.6
ASTM A36 Steel,15.9,42,155869.59,851.0,1309.3
ASTM A36 Steel,15.9,45,167836.19,981.8,1510.5
ASTM A36 Steel,15.9,48,178506.14,1113.9,1713.7
ASTM A36 Steel,15.9,52,194461.01,1314.6,2022.4
ASTM A36 Steel,19.0,16,70366.82,146.4,225.2
ASTM A36 Steel,19.0,18,78384.29,183.4,282.2
ASTM A36 Steel,19.0,20,87957.3,228.7,351.8
ASTM A36 Steel,19.0,22,97530.31,278.9,429.1
ASTM A36 Steel,19.0,24,105547.78,329.3,506.6
ASTM A36 Steel,19.0,27,119907.52,420.9,647.5
ASTM A36 Steel,19.0,30,132716.17,517.6,796.3
ASTM A36 Steel,19.0,33,147075.91,631.0,970.7
ASTM A36 Steel,19.0,36,159880.11,748.2,1151.1
ASTM A36 Steel,19.0,39,174239.4,883.4,1359.1
ASTM A36 Steel,19.0,42,187043.6,1021.3,1571.2
ASTM A36 Steel,19.0,45,201403.34,1178.2,1812.6
ASTM A36 Steel,19.0,48,214207.1,1336.7,2056.4
ASTM A36 Steel,19.0,52,233353.12,1577.5,2426.9
ASTM A36 Steel,19.0,56,250948.49,1826.9,2810.6
ASTM A36 Steel,19.0,60,270094.96,2106.7,3241.1
ASTM A36 Steel,19.0,64,287685.44,2393.5,3682.4
ASTM A36 Steel,19.0,68,306831.47,2712.4,4172.9
ASTM A36 Steel,22.2,16,82094.55,170.8,262.7
ASTM A36 Steel,22.2,18,91448.26,214.0,329.2
ASTM A36 Steel,22.2,20,102616.85,266.8,410.5
ASTM A36 Steel,22.2,22,113785.44,325.4,500.7
ASTM A36 Steel,22.2,24,123139.15,384.2,591.1
ASTM A36 Steel,22.2,27,139892.04,491.0,755.4
ASTM A36 Steel,22.2,30,154835.83,603.9,929.0
ASTM A36 Steel,22.2,33,171588.71,736.1,1132.5
ASTM A36 Steel,22.2,36,186526.72,872.9,1343.0
ASTM A36 Steel,22.2,39,203279.6,1030.6,1585.6
ASTM A36 Steel,22.2,42,218217.61,1191.5,1833.0
ASTM A36 Steel,22.2,45,234970.49,1374.6,2114.7
ASTM A36 Steel,22.2,48,249908.5,1559.4,2399.1
ASTM A36 Steel,22.2,52,272245.68,1840.4,2831.4
ASTM A36 Steel,22.2,56,292773.32,2131.4,3279.1
ASTM A36 Steel,22.2,60,315110.49,2457.9,3781.3
ASTM A36 Steel,22.2,64,335632.8,2792.5,4296.1
ASTM A36 Steel,22.2,68,357969.97,3164.5,4868.4
ASTM A36 Steel,25.4,20,117276.4,304.9,469.1
ASTM A36 Steel,25.4,22,130040.57,371.9,572.2
ASTM A36 Steel,25.4,24,140730.53,439.1,675.5
ASTM A36 Steel,25.4,27,159876.55,561.2,863.3
ASTM A36 Steel,25.4,30,176955.04,690.1,1061.7
ASTM A36 Steel,25.4,33,196101.51,841.3,1294.3
ASTM A36 Steel,25.4,36,213173.33,997.7,1534.9
ASTM A36 Steel,25.4,39,232319.35,1177.9,1812.1
ASTM A36 Steel,25.4,42,249391.62,1361.7,2094.9
ASTM A36 Steel,25.4,45,268537.64,1570.9,2416.8
ASTM A36 Steel,25.4,48,285609.46,1782.2,2741.8
ASTM A36 Steel,25.4,52,311137.79,2103.3,3235.8
ASTM A36 Steel,25.4,56,334598.14,2435.9,3747.5
ASTM A36 Steel,25.4,60,360126.47,2809.0,4321.5
ASTM A36 Steel,25.4,64,383580.59,3191.4,4909.8
ASTM A36 Steel,25.4,68,409108.48,3616.5,5563.9
ASTM A36 Steel,28.6,22,146295.69,418.4,643.7
ASTM A36 Steel,28.6,24,158321.9,494.0,759.9
ASTM A36 Steel,28.6,27,179861.51,631.3,971.3
ASTM A36 Steel,28.6,30,199074.7,776.4,1194.5
ASTM A36 Steel,28.6,33,220613.87,946.4,1456.1
ASTM A36 Steel,28.6,36,239819.94,1122.4,1726.7
ASTM A36 Steel,28.6,39,261359.55,1325.1,2038.6
ASTM A36 Steel,28.6,42,280565.18,1531.9,2356.8
ASTM A36 Steel,28.6,45,302104.79,1767.3,2718.9
ASTM A36 Steel,28.6,48,321310.87,2005.0,3084.6
ASTM A36 Steel,28.6,52,350029.9,2366.2,3640.3
ASTM A36 Steel,28.6,56,376422.96,2740.4,4215.9
ASTM A36 Steel,28.6,60,405142.0,3160.1,4861.7
ASTM A36 Steel,28.6,64,431527.94,3590.3,5523.6
ASTM A36 Steel,28.6,68,460247.43,4068.6,6259.4
ASTM A36 Steel,31.8,24,175913.27,548.8,844.4
ASTM A36 Steel,31.8,27,199846.02,701.5,1079.2
ASTM A36 Steel,31.8,30,221193.91,862.7,1327.2
ASTM A36 Steel,31.8,33,245126.67,1051.6,1617.8
ASTM A36 Steel,31.8,36,266466.55,1247.1,1918.6
ASTM A36 Steel,31.8,39,290399.3,1472.3,2265.1
ASTM A36 Steel,31.8,42,311739.19,1702.1,2618.6
ASTM A36 Steel,31.8,45,335671.94,1963.7,3021.0
ASTM A36 Steel,31.8,48,357011.83,2227.8,3427.3
ASTM A36 Steel,31.8,52,388922.01,2629.1,4044.8
ASTM A36 Steel,31.8,56,418247.79,3044.9,4684.4
ASTM A36 Steel,31.8,60,450157.98,3511.2,5401.9
ASTM A36 Steel,31.8,64,479475.74,3989.2,6137.3
ASTM A36 Steel,31.8,68,511385.93,4520.7,6954.8
ASTM A36 Steel,34.9,27,219830.53,771.6,1187.1
ASTM A36 Steel,34.9,30,243313.13,948.9,1459.9
ASTM A36 Steel,34.9,33,269639.47,1156.7,1779.6
ASTM A36 Steel,34.9,36,293113.16,1371.8,2110.4
ASTM A36 Steel,34.9,39,319439.06,1619.6,2491.6
ASTM A36 Steel,34.9,42,342913.2,1872.3,2880.5
ASTM A36 Steel,34.9,45,369239.09,2160.1,3323.2
ASTM A36 Steel,34.9,48,392713.23,2450.5,3770.0
ASTM A36 Steel,34.9,52,427814.57,2892.0,4449.3
ASTM A36 Steel,34.9,56,460072.61,3349.3,5152.8
ASTM A36 Steel,34.9,60,495173.95,3862.4,5942.1
ASTM A36 Steel,34.9,64,527423.09,4388.2,6751.0
ASTM A36 Steel,34.9,68,562524.43,4972.7,7650.3
ASTM A36 Steel,38.1,27,239815.05,841.7,1295.0
ASTM A36 Steel,38.1,30,265432.78,1035.2,1592.6
ASTM A36 Steel,38.1,33,294151.82,1261.9,1941.4
ASTM A36 Steel,38.1,36,319759.77,1496.5,2302.3
ASTM A36 Steel,38.1,39,348479.25,1766.8,2718.1
ASTM A36 Steel,38.1,42,374087.2,2042.5,3142.3
ASTM A36 Steel,38.1,45,402806.24,2356.4,3625.3
ASTM A36 Steel,38.1,48,428414.19,2673.3,4112.8
ASTM A36 Steel,38.1,52,466706.68,3154.9,4853.7
ASTM A36 Steel,38.1,56,501897.43,3653.8,5621.3
ASTM A36 Steel,38.1,60,540189.48,4213.5,6482.3
ASTM A36 Steel,38.1,64,575370.44,4787.1,7364.7
ASTM A36 Steel,38.1,68,613662.94,5424.8,8345.8
ASTM A36 Steel,44.4,33,343177.42,1472.2,2265.0
ASTM A36 Steel,44.4,36,373053.44,1745.9,2686.0
ASTM A36 Steel,44.4,39,406559.2,2061.3,3171.2
ASTM A36 Steel,44.4,42,436434.77,2382.9,3666.1
ASTM A36 Steel,44.4,45,469940.54,2749.2,4229.5
ASTM A36 Steel,44.4,48,499816.56,3118.9,4798.2
ASTM A36 Steel,44.4,52,544490.91,3680.8,5662.7
ASTM A36 Steel,44.4,56,585546.63,4262.8,6558.1
ASTM A36 Steel,44.4,60,630220.99,4915.7,7562.7
ASTM A36 Steel,44.4,64,671265.59,5584.9,8592.2
ASTM A36 Steel,44.4,68,715939.94,6328.9,9736.8
ASTM A36 Steel,50.8,36,426346.66,1995.3,3069.7
ASTM A36 Steel,50.8,39,464638.71,2355.7,3624.2
ASTM A36 Steel,50.8,42,498782.79,2723.4,4189.8
ASTM A36 Steel,50.8,45,537075.28,3141.9,4833.7
ASTM A36 Steel,50.8,48,571218.92,3564.4,5483.7
ASTM A36 Steel,50.8,52,622275.58,4206.6,6471.7
ASTM A36 Steel,50.8,56,669196.28,4871.7,7495.0
ASTM A36 Steel,50.8,60,720252.94,5618.0,8643.0
ASTM A36 Steel,50.8,64,767160.74,6382.8,9819.7
ASTM A36 Steel,50.8,68,818217.4,7233.0,11127.8
Aluminum 2024-T4/T351,1.6,1.6,590.28,0.1,0.2
Aluminum 2024-T4/T351,1.6,1.8,676.13,0.2,0.2
Aluminum 2024-T4/T351,1.6,2,747.75,0.2,0.3
Aluminum 2024-T4/T351,1.6,2.2,820.25,0.2,0.4
Aluminum 2024-T4/T351,1.6,2.5,949.25,0.3,0.5
Aluminum 2024-T4/T351,1.6,3,1149.86,0.5,0.7
Aluminum 2024-T4/T351,3.2,3,2299.73,0.9,1.4
Aluminum 2024-T4/T351,3.2,3.5,2673.38,1.2,1.9
Aluminum 2024-T4/T351,3.2,4,3047.47,1.6,2.4
Aluminum 2024-T4/T351,3.2,4.5,3449.59,2.0,3.1
Aluminum 2024-T4/T351,3.2,5,3851.27,2.5,3.9
Aluminum 2024-T4/T351,3.2,6,4599.01,3.6,5.5
Aluminum 2024-T4/T351,3.2,7,5458.85,5.0,7.6
Aluminum 2024-T4/T351,4.8,4,4570.99,2.4,3.7
Aluminum 2024-T4/T351,4.8,4.5,5174.61,3.0,4.7
Aluminum 2024-T4/T351,4.8,5,5776.9,3.8,5.8
Aluminum 2024-T4/T351,4.8,6,6898.74,5.4,8.3
Aluminum 2024-T4/T351,4.8,7,8188.28,7.4,11.5
Aluminum 2024-T4/T351,4.8,8,9268.75,9.6,14.8
Aluminum 2024-T4/T351,4.8,9,10558.29,12.3,19.0
Aluminum 2024-T4/T351,4.8,10,11638.76,15.1,23.3
Aluminum 2024-T4/T351,4.8,11,12928.3,18.5,28.4
Aluminum 2024-T4/T351,6.3,6,9198.47,7.2,11.0
Aluminum 2024-T4/T351,6.3,7,10917.71,9.9,15.3
Aluminum 2024-T4/T351,6.3,8,12358.49,12.9,19.8
Aluminum 2024-T4/T351,6.3,9,14077.72,16.5,25.3
Aluminum 2024-T4/T351,6.3,10,15518.5,20.2,31.0
Aluminum 2024-T4/T351,6.3,11,17237.74,24.7,37.9
Aluminum 2024-T4/T351,6.3,12,18676.74,29.1,44.8
Aluminum 2024-T4/T351,6.3,14,21836.75,39.7,61.1
Aluminum 2024-T4/T351,6.3,16,25275.67,52.6,80.9
Aluminum 2024-T4/T351,7.9,7,13647.14,12.4,19.1
Aluminum 2024-T4/T351,7.9,8,15447.77,16.1,24.7
Aluminum 2024-T4/T351,7.9,9,17597.15,20.6,31.7
Aluminum 2024-T4/T351,7.9,10,19398.24,25.2,38.8
Aluminum 2024-T4/T351,7.9,11,21547.17,30.8,47.4
Aluminum 2024-T4/T351,7.9,12,23346.03,36.4,56.0
Aluminum 2024-T4/T351,7.9,14,27296.05,49.7,76.4
Aluminum 2024-T4/T351,7.9,16,31594.36,65.7,101.1
Aluminum 2024-T4/T351,7.9,18,35194.31,82.4,126.7
Aluminum 2024-T4/T351,7.9,20,39492.18,102.7,158.0
Aluminum 2024-T4/T351,7.9,22,43790.49,125.2,192.7
Aluminum 2024-T4/T351,9.5,8,18537.51,19.3,29.7
Aluminum 2024-T4/T351,9.5,9,21116.58,24.7,38.0
Aluminum 2024-T4/T351,9.5,10,23277.53,30.3,46.5
Aluminum 2024-T4/T351,9.5,11,25856.61,37.0,56.9
Aluminum 2024-T4/T351,9.5,12,28015.33,43.7,67.2
Aluminum 2024-T4/T351,9.5,14,32755.35,59.6,91.7
Aluminum 2024-T4/T351,9.5,16,37913.06,78.9,121.3
Aluminum 2024-T4/T351,9.5,18,42233.17,98.8,152.0
Aluminum 2024-T4/T351,9.5,20,47390.88,123.2,189.6
Aluminum 2024-T4/T351,9.5,22,52548.59,150.3,231.2
Aluminum 2024-T4/T351,9.5,24,56868.7,177.4,273.0
Aluminum 2024-T4/T351,9.5,27,64605.49,226.8,348.9
Aluminum 2024-T4/T351,11.1,9,24636.02,28.8,44.3
Aluminum 2024-T4/T351,11.1,10,27157.27,35.3,54.3
Aluminum 2024-T4/T351,11.1,11,30166.04,43.1,66.4
Aluminum 2024-T4/T351,11.1,12,32684.18,51.0,78.4
Aluminum 2024-T4/T351,11.1,14,38214.65,69.6,107.0
Aluminum 2024-T4/T351,11.1,16,44232.2,92.0,141.5
Aluminum 2024-T4/T351,11.1,18,49271.59,115.3,177.4
Aluminum 2024-T4/T351,11.1,20,55289.14,143.8,221.2
Aluminum 2024-T4/T351,11.1,22,61306.69,175.3,269.8
Aluminum 2024-T4/T351,11.1,24,66346.52,207.0,318.5
Aluminum 2024-T4/T351,11.1,27,75372.85,264.6,407.0
Aluminum 2024-T4/T351,11.1,30,83424.57,325.4,500.5
Aluminum 2024-T4/T351,11.1,33,92450.89,396.6,610.2
Aluminum 2024-T4/T351,12.7,11,34475.48,49.3,75.8
Aluminum 2024-T4/T351,12.7,12,37353.47,58.3,89.7
Aluminum 2024-T4/T351,12.7,14,43673.95,79.5,122.3
Aluminum 2024-T4/T351,12.7,16,50550.89,105.1,161.8
Aluminum 2024-T4/T351,12.7,18,56310.45,131.8,202.7
Aluminum 2024-T4/T351,12.7,20,63187.84,164.3,252.7
Aluminum 2024-T4/T351,12.7,22,70065.23,200.4,308.3
Aluminum 2024-T4/T351,12.7,24,75824.78,236.6,364.0
Aluminum 2024-T4/T351,12.7,27,86140.65,302.4,465.2
Aluminum 2024-T4/T351,12.7,30,95342.23,371.8,572.1
Aluminum 2024-T4/T351,12.7,33,105658.1,453.3,697.3
Aluminum 2024-T4/T351,12.7,36,114856.13,537.5,827.0
Aluminum 2024-T4/T351,12.7,39,125171.99,634.6,976.3
Aluminum 2024-T4/T351,14.3,12,42022.77,65.6,100.9
Aluminum 2024-T4/T351,14.3,14,49132.8,89.4,137.6
Aluminum 2024-T4/T351,14.3,16,56869.59,118.3,182.0
Aluminum 2024-T4/T351,14.3,18,63349.31,148.2,228.1
Aluminum 2024-T4/T351,14.3,20,71086.1,184.8,284.3
Aluminum 2024-T4/T351,14.3,22,78823.33,225.4,346.8
Aluminum 2024-T4/T351,14.3,24,85302.6,266.1,409.5
Aluminum 2024-T4/T351,14.3,27,96908.01,340.2,523.3
Aluminum 2024-T4/T351,14.3,30,107259.9,418.3,643.6
Aluminum 2024-T4/T351,14.3,33,118865.31,509.9,784.5
Aluminum 2024-T4/T351,14.3,36,129213.2,604.7,930.3
Aluminum 2024-T4/T351,14.3,39,140818.6,714.0,1098.4
Aluminum 2024-T4/T351,14.3,42,151166.49,825.4,1269.8
Aluminum 2024-T4/T351,14.3,45,162771.9,952.2,1464.9
Aluminum 2024-T4/T351,15.9,14,54592.1,99.4,152.9
Aluminum 2024-T4/T351,15.9,16,63188.73,131.4,202.2
Aluminum 2024-T4/T351,15.9,18,70388.17,164.7,253.4
Aluminum 2024-T4/T351,15.9,20,78984.8,205.4,315.9
Aluminum 2024-T4/T351,15.9,22,87581.43,250.5,385.4
Aluminum 2024-T4/T351,15.9,24,94780.87,295.7,454.9
Aluminum 2024-T4/T351,15.9,27,107675.81,377.9,581.5
Aluminum 2024-T4/T351,15.9,30,119177.57,464.8,715.1
Aluminum 2024-T4/T351,15.9,33,132072.51,566.6,871.7
Aluminum 2024-T4/T351,15.9,36,143570.27,671.9,1033.7
Aluminum 2024-T4/T351,15.9,39,156465.21,793.3,1220.4
Aluminum 2024-T4/T351,15.9,42,167962.97,917.1,1410.9
Aluminum 2024-T4/T351,15.9,45,180857.91,1058.0,1627.7
Aluminum 2024-T4/T351,15.9,48,192355.67,1200.3,1846.6
Aluminum 2024-T4/T351,15.9,52,209548.48,1416.5,2179.3
Aluminum 2024-T4/T351,19.0,16,75826.56,157.7,242.6
Aluminum 2024-T4/T351,19.0,18,84465.89,197.7,304.1
Aluminum 2024-T4/T351,19.0,20,94781.76,246.4,379.1
Aluminum 2024-T4/T351,19.0,22,105097.62,300.6,462.4
Aluminum 2024-T4/T351,19.0,24,113736.95,354.9,545.9
Aluminum 2024-T4/T351,19.0,27,129210.97,453.5,697.7
Aluminum 2024-T4/T351,19.0,30,143013.35,557.7,858.1
Aluminum 2024-T4/T351,19.0,33,158486.93,679.9,1046.0
Aluminum 2024-T4/T351,19.0,36,172284.41,806.3,1240.4
Aluminum 2024-T4/T351,19.0,39,187757.99,951.9,1464.5
Aluminum 2024-T4/T351,19.0,42,201555.47,1100.5,1693.1
Aluminum 2024-T4/T351,19.0,45,217029.49,1269.6,1953.3
Aluminum 2024-T4/T351,19.0,48,230826.53,1440.4,2215.9
Aluminum 2024-T4/T351,19.0,52,251458.26,1699.9,2615.2
Aluminum 2024-T4/T351,19.0,56,270418.79,1968.6,3028.7
Aluminum 2024-T4/T351,19.0,60,291050.52,2270.2,3492.6
Aluminum 2024-T4/T351,19.0,64,310005.72,2579.3,3968.1
Aluminum 2024-T4/T351,19.0,68,330637.45,2922.8,4496.7
Aluminum 2024-T4/T351,22.2,18,98543.62,230.6,354.8
Aluminum 2024-T4/T351,22.2,20,110578.72,287.5,442.3
Aluminum 2024-T4/T351,22.2,22,122613.82,350.7,539.5
Aluminum 2024-T4/T351,22.2,24,132693.04,414.0,636.9
Aluminum 2024-T4/T351,22.2,27,150745.69,529.1,814.0
Aluminum 2024-T4/T351,22.2,30,166848.69,650.7,1001.1
Aluminum 2024-T4/T351,22.2,33,184901.34,793.2,1220.3
Aluminum 2024-T4/T351,22.2,36,200998.55,940.7,1447.2
Aluminum 2024-T4/T351,22.2,39,219051.21,1110.6,1708.6
Aluminum 2024-T4/T351,22.2,42,235147.98,1283.9,1975.2
Aluminum 2024-T4/T351,22.2,45,253200.63,1481.2,2278.8
Aluminum 2024-T4/T351,22.2,48,269297.84,1680.4,2585.3
Aluminum 2024-T4/T351,22.2,52,293368.04,1983.2,3051.0
Aluminum 2024-T4/T351,22.2,56,315488.59,2296.8,3533.5
Aluminum 2024-T4/T351,22.2,60,339558.79,2648.6,4074.7
Aluminum 2024-T4/T351,22.2,64,361673.56,3009.1,4629.4
Aluminum 2024-T4/T351,22.2,68,385743.76,3410.0,5246.1
Aluminum 2024-T4/T351,25.4,20,126375.68,328.6,505.5
Aluminum 2024-T4/T351,25.4,22,140130.02,400.8,616.6
Aluminum 2024-T4/T351,25.4,24,151649.57,473.1,727.9
Aluminum 2024-T4/T351,25.4,27,172280.85,604.7,930.3
Aluminum 2024-T4/T351,25.4,30,190684.47,743.7,1144.1
Aluminum 2024-T4/T351,25.4,33,211316.2,906.5,1394.7
Aluminum 2024-T4/T351,25.4,36,229712.7,1075.1,1653.9
Aluminum 2024-T4/T351,25.4,39,250344.43,1269.2,1952.7
Aluminum 2024-T4/T351,25.4,42,268740.93,1467.3,2257.4
Aluminum 2024-T4/T351,25.4,45,289372.21,1692.8,2604.4
Aluminum 2024-T4/T351,25.4,48,307768.71,1920.5,2954.6
Aluminum 2024-T4/T351,25.4,52,335277.83,2266.5,3486.9
Aluminum 2024-T4/T351,25.4,56,360558.39,2624.9,4038.3
Aluminum 2024-T4/T351,25.4,60,388067.07,3026.9,4656.8
Aluminum 2024-T4/T351,25.4,64,413340.96,3439.0,5290.8
Aluminum 2024-T4/T351,25.4,68,440849.63,3897.1,5995.6
Aluminum 2024-T4/T351,28.6,22,157646.21,450.9,693.6
Aluminum 2024-T4/T351,28.6,24,170605.65,532.3,818.9
Aluminum 2024-T4/T351,28.6,27,193816.02,680.3,1046.6
Aluminum 2024-T4/T351,28.6,30,214519.81,836.6,1287.1
Aluminum 2024-T4/T351,28.6,33,237730.61,1019.9,1569.0
Aluminum 2024-T4/T351,28.6,36,258426.84,1209.4,1860.7
Aluminum 2024-T4/T351,28.6,39,281637.2,1427.9,2196.8
Aluminum 2024-T4/T351,28.6,42,302333.43,1650.7,2539.6
Aluminum 2024-T4/T351,28.6,45,325543.79,1904.4,2929.9
Aluminum 2024-T4/T351,28.6,48,346240.02,2160.5,3323.9
Aluminum 2024-T4/T351,28.6,52,377187.61,2549.8,3922.8
Aluminum 2024-T4/T351,28.6,56,405628.19,2953.0,4543.0
Aluminum 2024-T4/T351,28.6,60,436575.78,3405.3,5238.9
Aluminum 2024-T4/T351,28.6,64,465008.8,3868.9,5952.1
Aluminum 2024-T4/T351,28.6,68,495955.95,4384.3,6745.0
Aluminum 2024-T4/T351,31.8,27,215351.18,755.9,1162.9
Aluminum 2024-T4/T351,31.8,30,238355.59,929.6,1430.1
Aluminum 2024-T4/T351,31.8,33,264145.03,1133.2,1743.4
Aluminum 2024-T4/T351,31.8,36,287140.54,1343.8,2067.4
Aluminum 2024-T4/T351,31.8,39,312930.42,1586.6,2440.9
Aluminum 2024-T4/T351,31.8,42,335925.93,1834.2,2821.8
Aluminum 2024-T4/T351,31.8,45,361715.37,2116.0,3255.4
Aluminum 2024-T4/T351,31.8,48,384711.33,2400.6,3693.2
Aluminum 2024-T4/T351,31.8,52,419097.4,2833.1,4358.6
Aluminum 2024-T4/T351,31.8,56,450697.99,3281.1,5047.8
Aluminum 2024-T4/T351,31.8,60,485084.06,3783.7,5821.0
Aluminum 2024-T4/T351,31.8,64,516676.2,4298.7,6613.5
Aluminum 2024-T4/T351,31.8,68,551062.26,4871.4,7494.5
Aluminum 2024-T4/T351,34.9,27,236886.34,831.5,1279.2
Aluminum 2024-T4/T351,34.9,30,262190.92,1022.5,1573.1
Aluminum 2024-T4/T351,34.9,33,290559.44,1246.5,1917.7
Aluminum 2024-T4/T351,34.9,36,315854.68,1478.2,2274.2
Aluminum 2024-T4/T351,34.9,39,344223.2,1745.2,2684.9
Aluminum 2024-T4/T351,34.9,42,369518.44,2017.6,3104.0
Aluminum 2024-T4/T351,34.9,45,397886.95,2327.6,3581.0
Aluminum 2024-T4/T351,34.9,48,423182.2,2640.7,4062.6
Aluminum 2024-T4/T351,34.9,52,461006.74,3116.4,4794.5
Aluminum 2024-T4/T351,34.9,56,495767.79,3609.2,5552.6
Aluminum 2024-T4/T351,34.9,60,533592.33,4162.0,6403.1
Aluminum 2024-T4/T351,34.9,64,568344.04,4728.6,7274.8
Aluminum 2024-T4/T351,34.9,68,606168.58,5358.5,8243.9
Aluminum 2024-T4/T351,38.1,30,286026.7,1115.5,1716.2
Aluminum 2024-T4/T351,38.1,33,316973.85,1359.8,2092.0
Aluminum 2024-T4/T351,38.1,36,344568.82,1612.6,2480.9
Aluminum 2024-T4/T351,38.1,39,375516.42,1903.9,2929.0
Aluminum 2024-T4/T351,38.1,42,403110.94,2201.0,3386.1
Aluminum 2024-T4/T351,38.1,45,434058.54,2539.2,3906.5
Aluminum 2024-T4/T351,38.1,48,461653.51,2880.7,4431.9
Aluminum 2024-T4/T351,38.1,52,502916.52,3399.7,5230.3
Aluminum 2024-T4/T351,38.1,56,540837.59,3937.3,6057.4
Aluminum 2024-T4/T351,38.1,60,582101.04,4540.4,6985.2
Aluminum 2024-T4/T351,38.1,64,620011.44,5158.5,7936.2
Aluminum 2024-T4/T351,38.1,68,661274.89,5845.7,8993.3
Aluminum 2024-T4/T351,44.4,36,401997.11,1881.3,2894.4
Aluminum 2024-T4/T351,44.4,39,438102.41,2221.2,3417.2
Aluminum 2024-T4/T351,44.4,42,470296.4,2567.8,3950.5
Aluminum 2024-T4/T351,44.4,45,506401.7,2962.5,4557.6
Aluminum 2024-T4/T351,44.4,48,538595.68,3360.8,5170.5
Aluminum 2024-T4/T351,44.4,52,586736.09,3966.3,6102.1
Aluminum 2024-T4/T351,44.4,56,630977.18,4593.5,7067.0
Aluminum 2024-T4/T351,44.4,60,679117.59,5297.1,8149.4
Aluminum 2024-T4/T351,44.4,64,723346.67,6018.2,9258.8
Aluminum 2024-T4/T351,44.4,68,771487.08,6820.0,10492.2
Aluminum 2024-T4/T351,50.8,39,500688.41,2538.5,3905.4
Aluminum 2024-T4/T351,50.8,42,537481.41,2934.6,4514.9
Aluminum 2024-T4/T351,50.8,45,578744.86,3385.7,5208.7
Aluminum 2024-T4/T351,50.8,48,615537.86,3841.0,5909.2
Aluminum 2024-T4/T351,50.8,52,670555.66,4533.0,6973.8
Aluminum 2024-T4/T351,50.8,56,721116.78,5249.7,8076.5
Aluminum 2024-T4/T351,50.8,60,776134.58,6053.9,9313.6
Aluminum 2024-T4/T351,50.8,64,826681.91,6878.0,10581.5
Aluminum 2024-T4/T351,50.8,68,881699.71,7794.2,11991.1
Aluminum 7075-T6/T651,1.6,1.8,822.03,0.2,0.3
Aluminum 7075-T6/T651,1.6,2,909.66,0.2,0.4
Aluminum 7075-T6/T651,1.6,2.2,997.29,0.3,0.4
Aluminum 7075-T6/T651,1.6,2.5,1153.87,0.4,0.6
Aluminum 7075-T6/T651,1.6,3,1398.08,0.5,0.8
Aluminum 7075-T6/T651,3.2,3.5,3251.2,1.5,2.3
Aluminum 7075-T6/T651,3.2,4,3705.81,1.9,3.0
Aluminum 7075-T6/T651,3.2,4.5,4195.12,2.5,3.8
Aluminum 7075-T6/T651,3.2,5,4683.08,3.0,4.7
Aluminum 7075-T6/T651,3.2,6,5592.75,4.4,6.7
Aluminum 7075-T6/T651,3.2,7,6638.08,6.0,9.3
Aluminum 7075-T6/T651,4.8,5,7024.63,4.6,7.0
Aluminum 7075-T6/T651,4.8,6,8388.9,6.5,10.1
Aluminum 7075-T6/T651,4.8,7,9956.89,9.1,13.9
Aluminum 7075-T6/T651,4.8,8,11270.9,11.7,18.0
Aluminum 7075-T6/T651,4.8,9,12838.89,15.0,23.1
Aluminum 7075-T6/T651,4.8,10,14152.9,18.4,28.3
Aluminum 7075-T6/T651,4.8,11,15720.9,22.5,34.6
Aluminum 7075-T6/T651,6.3,7,13275.71,12.1,18.6
Aluminum 7075-T6/T651,6.3,8,15027.86,15.6,24.0
Aluminum 7075-T6/T651,6.3,9,17118.53,20.0,30.8
Aluminum 7075-T6/T651,6.3,10,18870.23,24.5,37.7
Aluminum 7075-T6/T651,6.3,11,20960.9,30.0,46.1
Aluminum 7075-T6/T651,6.3,12,22710.83,35.4,54.5
Aluminum 7075-T6/T651,6.3,14,26553.64,48.3,74.4
Aluminum 7075-T6/T651,6.3,16,30734.97,63.9,98.4
Aluminum 7075-T6/T651,7.9,8,18784.83,19.5,30.1
Aluminum 7075-T6/T651,7.9,9,21398.16,25.0,38.5
Aluminum 7075-T6/T651,7.9,10,23588.02,30.7,47.2
Aluminum 7075-T6/T651,7.9,11,26201.34,37.5,57.6
Aluminum 7075-T6/T651,7.9,12,28388.53,44.3,68.1
Aluminum 7075-T6/T651,7.9,14,33192.16,60.4,92.9
Aluminum 7075-T6/T651,7.9,16,38418.82,79.9,122.9
Aluminum 7075-T6/T651,7.9,18,42795.87,100.1,154.1
Aluminum 7075-T6/T651,7.9,20,48022.53,124.9,192.1
Aluminum 7075-T6/T651,7.9,22,53249.63,152.3,234.3
Aluminum 7075-T6/T651,9.5,10,28305.8,36.8,56.6
Aluminum 7075-T6/T651,9.5,11,31441.79,45.0,69.2
Aluminum 7075-T6/T651,9.5,12,34066.24,53.1,81.8
Aluminum 7075-T6/T651,9.5,14,39830.24,72.5,111.5
Aluminum 7075-T6/T651,9.5,16,46102.68,95.9,147.5
Aluminum 7075-T6/T651,9.5,18,51355.13,120.2,184.9
Aluminum 7075-T6/T651,9.5,20,57627.12,149.8,230.5
Aluminum 7075-T6/T651,9.5,22,63899.11,182.8,281.2
Aluminum 7075-T6/T651,9.5,24,69152.01,215.8,331.9
Aluminum 7075-T6/T651,9.5,27,78559.99,275.8,424.2
Aluminum 7075-T6/T651,11.1,11,36681.79,52.5,80.7
Aluminum 7075-T6/T651,11.1,12,39744.39,62.0,95.4
Aluminum 7075-T6/T651,11.1,14,46468.76,84.6,130.1
Aluminum 7075-T6/T651,11.1,16,53786.08,111.9,172.1
Aluminum 7075-T6/T651,11.1,18,59914.4,140.2,215.7
Aluminum 7075-T6/T651,11.1,20,67231.72,174.8,268.9
Aluminum 7075-T6/T651,11.1,22,74549.04,213.2,328.0
Aluminum 7075-T6/T651,11.1,24,80677.35,251.7,387.3
Aluminum 7075-T6/T651,11.1,27,91653.33,321.7,494.9
Aluminum 7075-T6/T651,11.1,30,101444.3,395.6,608.7
Aluminum 7075-T6/T651,11.1,33,112420.28,482.3,742.0
Aluminum 7075-T6/T651,12.7,14,53107.29,96.7,148.7
Aluminum 7075-T6/T651,12.7,16,61469.94,127.9,196.7
Aluminum 7075-T6/T651,12.7,18,68473.66,160.2,246.5
Aluminum 7075-T6/T651,12.7,20,76836.31,199.8,307.3
Aluminum 7075-T6/T651,12.7,22,85198.96,243.7,374.9
Aluminum 7075-T6/T651,12.7,24,92202.68,287.7,442.6
Aluminum 7075-T6/T651,12.7,27,104746.66,367.7,565.6
Aluminum 7075-T6/T651,12.7,30,115936.15,452.2,695.6
Aluminum 7075-T6/T651,12.7,33,128480.13,551.2,848.0
Aluminum 7075-T6/T651,12.7,36,139665.18,653.6,1005.6
Aluminum 7075-T6/T651,12.7,39,152209.15,771.7,1187.2
Aluminum 7075-T6/T651,14.3,14,59745.81,108.7,167.3
Aluminum 7075-T6/T651,14.3,16,69153.79,143.8,221.3
Aluminum 7075-T6/T651,14.3,18,77032.92,180.3,277.3
Aluminum 7075-T6/T651,14.3,20,86440.9,224.7,345.8
Aluminum 7075-T6/T651,14.3,22,95848.89,274.1,421.7
Aluminum 7075-T6/T651,14.3,24,103728.02,323.6,497.9
Aluminum 7075-T6/T651,14.3,27,117839.99,413.6,636.3
Aluminum 7075-T6/T651,14.3,30,130428.01,508.7,782.6
Aluminum 7075-T6/T651,14.3,33,144539.98,620.1,954.0
Aluminum 7075-T6/T651,14.3,36,157123.55,735.3,1131.3
Aluminum 7075-T6/T651,14.3,39,171235.52,868.2,1335.6
Aluminum 7075-T6/T651,14.3,42,183818.64,1003.7,1544.1
Aluminum 7075-T6/T651,14.3,45,197930.62,1157.9,1781.4
Aluminum 7075-T6/T651,15.9,16,76837.64,159.8,245.9
Aluminum 7075-T6/T651,15.9,18,85592.18,200.3,308.1
Aluminum 7075-T6/T651,15.9,20,96045.5,249.7,384.2
Aluminum 7075-T6/T651,15.9,22,106498.81,304.6,468.6
Aluminum 7075-T6/T651,15.9,24,115253.35,359.6,553.2
Aluminum 7075-T6/T651,15.9,27,130933.77,459.6,707.0
Aluminum 7075-T6/T651,15.9,30,144920.3,565.2,869.5
Aluminum 7075-T6/T651,15.9,33,160600.28,689.0,1060.0
Aluminum 7075-T6/T651,15.9,36,174581.47,817.0,1257.0
Aluminum 7075-T6/T651,15.9,39,190261.44,964.6,1484.0
Aluminum 7075-T6/T651,15.9,42,204243.09,1115.2,1715.6
Aluminum 7075-T6/T651,15.9,45,219923.06,1286.5,1979.3
Aluminum 7075-T6/T651,15.9,48,233904.25,1459.6,2245.5
Aluminum 7075-T6/T651,15.9,52,254810.88,1722.5,2650.0
Aluminum 7075-T6/T651,19.0,20,115254.69,299.7,461.0
Aluminum 7075-T6/T651,19.0,22,127798.66,365.5,562.3
Aluminum 7075-T6/T651,19.0,24,138304.02,431.5,663.9
Aluminum 7075-T6/T651,19.0,27,157120.43,551.5,848.4
Aluminum 7075-T6/T651,19.0,30,173904.01,678.2,1043.4
Aluminum 7075-T6/T651,19.0,33,192720.42,826.8,1271.9
Aluminum 7075-T6/T651,19.0,36,209497.77,980.4,1508.4
Aluminum 7075-T6/T651,19.0,39,228313.73,1157.6,1780.8
Aluminum 7075-T6/T651,19.0,42,245091.52,1338.2,2058.8
Aluminum 7075-T6/T651,19.0,45,263907.49,1543.9,2375.2
Aluminum 7075-T6/T651,19.0,48,280685.28,1751.5,2694.6
Aluminum 7075-T6/T651,19.0,52,305773.24,2067.0,3180.0
Aluminum 7075-T6/T651,19.0,56,328829.25,2393.9,3682.9
Aluminum 7075-T6/T651,19.0,60,353917.2,2760.6,4247.0
Aluminum 7075-T6/T651,19.0,64,376966.98,3136.4,4825.2
Aluminum 7075-T6/T651,19.0,68,402054.94,3554.2,5468.0
Aluminum 7075-T6/T651,22.2,22,149098.52,426.4,656.0
Aluminum 7075-T6/T651,22.2,24,161355.14,503.4,774.5
Aluminum 7075-T6/T651,22.2,27,183307.1,643.4,989.9
Aluminum 7075-T6/T651,22.2,30,202888.16,791.3,1217.3
Aluminum 7075-T6/T651,22.2,33,224840.12,964.6,1483.9
Aluminum 7075-T6/T651,22.2,36,244414.06,1143.9,1759.8
Aluminum 7075-T6/T651,22.2,39,266366.47,1350.5,2077.7
Aluminum 7075-T6/T651,22.2,42,285939.96,1561.2,2401.9
Aluminum 7075-T6/T651,22.2,45,307892.37,1801.2,2771.0
Aluminum 7075-T6/T651,22.2,48,327466.31,2043.4,3143.7
Aluminum 7075-T6/T651,22.2,52,356735.59,2411.5,3710.0
Aluminum 7075-T6/T651,22.2,56,383633.97,2792.9,4296.7
Aluminum 7075-T6/T651,22.2,60,412903.7,3220.7,4954.8
Aluminum 7075-T6/T651,22.2,64,439794.96,3659.1,5629.4
Aluminum 7075-T6/T651,22.2,68,469064.24,4146.5,6379.3
Aluminum 7075-T6/T651,25.4,24,184405.81,575.3,885.1
Aluminum 7075-T6/T651,25.4,27,209493.76,735.3,1131.3
Aluminum 7075-T6/T651,25.4,30,231872.31,904.3,1391.2
Aluminum 7075-T6/T651,25.4,33,256960.26,1102.4,1695.9
Aluminum 7075-T6/T651,25.4,36,279330.36,1307.3,2011.2
Aluminum 7075-T6/T651,25.4,39,304418.75,1543.4,2374.5
Aluminum 7075-T6/T651,25.4,42,326788.85,1784.3,2745.0
Aluminum 7075-T6/T651,25.4,45,351876.8,2058.5,3166.9
Aluminum 7075-T6/T651,25.4,48,374246.9,2335.3,3592.8
Aluminum 7075-T6/T651,25.4,52,407697.95,2756.0,4240.1
Aluminum 7075-T6/T651,25.4,56,438439.14,3191.8,4910.5
Aluminum 7075-T6/T651,25.4,60,471889.75,3680.7,5662.7
Aluminum 7075-T6/T651,25.4,64,502622.49,4181.8,6433.6
Aluminum 7075-T6/T651,25.4,68,536073.54,4738.9,7290.6
Aluminum 7075-T6/T651,28.6,27,235680.43,827.2,1272.7
Aluminum 7075-T6/T651,28.6,30,260856.46,1017.3,1565.1
Aluminum 7075-T6/T651,28.6,33,289080.41,1240.2,1907.9
Aluminum 7075-T6/T651,28.6,36,314246.65,1470.7,2262.6
Aluminum 7075-T6/T651,28.6,39,342471.04,1736.3,2671.3
Aluminum 7075-T6/T651,28.6,42,367637.29,2007.3,3088.2
Aluminum 7075-T6/T651,28.6,45,395861.24,2315.8,3562.8
Aluminum 7075-T6/T651,28.6,48,421027.92,2627.2,4041.9
Aluminum 7075-T6/T651,28.6,52,458659.86,3100.5,4770.1
Aluminum 7075-T6/T651,28.6,56,493243.87,3590.8,5524.3
Aluminum 7075-T6/T651,28.6,60,530875.8,4140.8,6370.5
Aluminum 7075-T6/T651,28.6,64,565450.47,4704.6,7237.8
Aluminum 7075-T6/T651,28.6,68,603082.4,5331.3,8201.9
Aluminum 7075-T6/T651,31.8,30,289840.16,1130.4,1739.0
Aluminum 7075-T6/T651,31.8,33,321200.55,1378.0,2119.9
Aluminum 7075-T6/T651,31.8,36,349162.94,1634.1,2514.0
Aluminum 7075-T6/T651,31.8,39,380523.33,1929.2,2968.1
Aluminum 7075-T6/T651,31.8,42,408486.17,2230.3,3431.3
Aluminum 7075-T6/T651,31.8,45,439846.11,2573.1,3958.6
Aluminum 7075-T6/T651,31.8,48,467808.95,2919.1,4491.0
Aluminum 7075-T6/T651,31.8,52,509622.21,3445.0,5300.1
Aluminum 7075-T6/T651,31.8,56,548048.59,3989.8,6138.1
Aluminum 7075-T6/T651,31.8,60,589862.3,4600.9,7078.4
Aluminum 7075-T6/T651,31.8,64,628278.45,5227.3,8042.0
Aluminum 7075-T6/T651,31.8,68,670091.71,5923.6,9113.3
Aluminum 7075-T6/T651,34.9,33,353320.25,1515.7,2331.9
Aluminum 7075-T6/T651,34.9,36,384079.24,1797.5,2765.4
Aluminum 7075-T6/T651,34.9,39,418575.62,2122.2,3264.9
Aluminum 7075-T6/T651,34.9,42,449334.61,2453.4,3774.4
Aluminum 7075-T6/T651,34.9,45,483830.55,2830.4,4354.5
Aluminum 7075-T6/T651,34.9,48,514589.54,3211.0,4940.1
Aluminum 7075-T6/T651,34.9,52,560584.56,3789.6,5830.1
Aluminum 7075-T6/T651,34.9,56,602853.77,4388.8,6752.0
Aluminum 7075-T6/T651,34.9,60,648848.35,5061.0,7786.2
Aluminum 7075-T6/T651,34.9,64,691105.98,5750.0,8846.2
Aluminum 7075-T6/T651,34.9,68,737101.01,6516.0,10024.6
Aluminum 7075-T6/T651,38.1,36,418995.98,1960.9,3016.8
Aluminum 7075-T6/T651,38.1,39,456627.91,2315.1,3561.7
Aluminum 7075-T6/T651,38.1,42,490183.05,2676.4,4117.5
Aluminum 7075-T6/T651,38.1,45,527815.43,3087.7,4750.3
Aluminum 7075-T6/T651,38.1,48,561370.57,3503.0,5389.2
Aluminum 7075-T6/T651,38.1,52,611546.47,4134.1,6360.1
Aluminum 7075-T6/T651,38.1,56,657658.49,4787.8,7365.8
Aluminum 7075-T6/T651,38.1,60,707834.85,5521.1,8494.0
Aluminum 7075-T6/T651,38.1,64,753933.96,6272.7,9650.4
Aluminum 7075-T6/T651,38.1,68,804109.87,7108.3,10935.9
Aluminum 7075-T6/T651,44.4,42,571880.37,3122.5,4803.8
Aluminum 7075-T6/T651,44.4,45,615784.29,3602.3,5542.1
Aluminum 7075-T6/T651,44.4,48,654932.18,4086.8,6287.4
Aluminum 7075-T6/T651,44.4,52,713471.18,4823.1,7420.1
Aluminum 7075-T6/T651,44.4,56,767268.39,5585.7,8593.4
Aluminum 7075-T6/T651,44.4,60,825806.95,6441.3,9909.7
Aluminum 7075-T6/T651,44.4,64,879589.47,7318.2,11258.8
Aluminum 7075-T6/T651,44.4,68,938128.48,8293.1,12758.6
Aluminum 7075-T6/T651,50.8,48,748494.24,4670.6,7185.6
Aluminum 7075-T6/T651,50.8,52,815395.45,5512.1,8480.1
Aluminum 7075-T6/T651,50.8,56,876877.84,6383.7,9821.0
Aluminum 7075-T6/T651,50.8,60,943779.5,7361.5,11325.4
Aluminum 7075-T6/T651,50.8,64,1005245.43,8363.6,12867.2
Aluminum 7075-T6/T651,50.8,68,1072146.64,9477.8,14581.2
